english,ipai
"person, Indian",'iipay
man,'iikwich
woman,siny
child,'elymaam
girl,'elymaam siny
boy,'elymaam 'iikwich
baby,hekwaal
old man,kurak
old woman,kunykuuy
short person,chaap
"leader, police officer",kuuchutt
"medicine man, doctor",kuseyaay
soldier,'epal kuhyan
"stranger, enemy",'ehwaa
chief,kwaaypaay
singer,'echkwechyaaw
"others, other people, the rest",marway
white man,millychish
twins,ha'waak
thief,kushuuhuup
"speaker, preacher",kuchuukwar
sick person,kuhnoch
rich person,kutnarr
priest,kutyir
partner,kunyeway
the other one,kwa'hin
orphan,kumtiipulp
oldest woman,kunyemay
old people,kwathemii
oldest one,kuhmii
black person,kunyilly
"a guy, dude (slang for 'man')",'iipach
the Little People,'Eyupuu
God,'Emaay 'Ehaa
judge,kuuchutt kwa'maay
full-grown girl,nyemay
friend,unyeway
drunkard,kusemray
the Creator,Kweyuuw Huumarr
crybaby,chehiilyiiy
Cupe√±o Indians,Hekwach
coward,meheyaayp
cowboy,vakeerr
corpse,kumlay
Cocopa Indians,Kukapaa
Cahuilla Indians,Kawiiya
his boss,panyehal
"big one, chief",kwaaykuu
Baje√±os,'Avaheeny
Mexican,'Epenyaay
anybody,nya'kwar
beggar (person who asks for stuff),tiikaayp
character,iillyuw
liar (1),taahmuuyk
liar (2),taallah
Luise√±o Indians,Kuhway
Mexican (2),Haaykuu
policeman,pooliis
rascal,'ellpaay
someone,maap
teacher,kwachemuuyuuw
Yuma Indians,Kuchaan
young man,kuhmilh
devil,'echillich
elder,kuhmii
know-it-all,kwenuur
men,'iikwiich
women,siiny
children,'elymash
old men,kwarchechaak
old women,kwenychekwii
"medecine men, doctors",kusteyay
hunters,kuchnyaay
he who doesn't,kumuw
mean person,kunnemii
"relatives, partners",kunychewaay
very close friends,kunychewayp
"strong witch, one with psychic powers",kuseyay
hunchback,kutruuyp
my boss,'enyehal
their boss,nyechehaal
his/her father,paataat
his/her mother,paataly
Dad,'epepaa
Mom,'ememaa
his wife,paasiny
her husband,paachuuy
his paternal grandmother; father's mother,panemaaw
his paternal grandfather; father's father,panepaaw
his maternal grandmother; mother's mother,panekaly
his maternal grandfather; mother's father,panekwaaw
his son,pahuumaay
his daughter,pechaay
her child,hekwany
her son,hekwany 'iikwich
father's sister,panekaach
mother's older sister,panesily
mother's younger sister,panemuuy
older brother,pachamaly
younger brother,paasuly
brother-in-law,panyekuu
cousin,paallyaa
daughter-in-law,pauunyaay
father-in-law,kuunyay
grandchild (of woman),paahkaly
grandchild (of man),paa-aw
great-grandchild,paamuus
great-grandparent,panemuush
in-law counterpart,pauuhuu
mother (2),kuhkwany
man's sister's child,paawan
woman's brother's child,paakaach
man's older brother's child,payechekuw
woman's younger sister's child,paalyaaw
woman's older sister's child,paawitt
man's younger brother's child,paawitt
parent-in-law,pauunyii
older sister,paachany
younger sister,paasan
sister-in-law,panyemuun
father's older brother,panewis
father's younger brother,pachekuu
mother's brother,panekwaay
clan,shiimull
clan (2),unycheway
"dog, horse, livestock",'ehatt
wolf,hechkullk
cat,gaat
bobcat,nyemii
horse,kavaay
donkey,burr
mule,muul
cow,vaak
pig,kaach
sheep,borreeg
chicken,gayeen
bat,milyaapan
rabbit,'ephar
turtle,'ehnaally
bear,'oos
spider,hellytutt
fox,parhaaw
bird,'aashaa
whale,'ehpank
fish,hashuupill
bee,'aaveeh
lizard,haakwal
skunk,kallyehwiiw
"frog, toad",hantak
horned toad,'esuuyan
gopher,kethii
rattlesnake,'ewii
coyote,hattepaa
mountain lion,nyemetaay
raccoon,nemas
jackrabbit,kunyaaw
cottontail rabbit,hellyaaw
deer,'ekwak
woodrat,'emallk
mouse,'emekay
mare,yeew
alligator,kechaahwaall
large black ant,mechhallaahall
red ant,chemilly
small ant,mechhalyewii
badger,mehwaa
butterfly,mes-haalyap
stinkbug,mes-hanan
cat,meniis
"caterpillar, maggot, worm",ill
centipede,hirkaahiirk
cricket,hulykehulyk
diamond (black) snake,'ewii kunyilly
flea,'ewill
fly,mes-haapuuly
gopher snake,'ewiiyaq
grasshopper,tuumuw
ground squirrel,'ehmaall
pigeon,karwiitaay
bighorn sheep,'emuu
big skunk,ketun
red snake,'ewii kwa'hwatt
red racer snake,mellytaair
water snake,henaakur
water bug,'ehaashpittaaq
bat (2),milywaaw
lice,emilly
big lizard,kechaahwaall
body louse,hellychepuk
scorpion,meniih
praying mantis,hall
weasel,hatekar
the hairy/fuzzy one,kwelmisp
his animal,nyehatt
their animals,nyechehaatt
turkey vulture,sha'ii
eagle,'ihpaa
bluejay,kulashaash
hummingbird,halypuusuutt
mockingbird,'aashaa kwilaaw
quail,'aahmaa
horned owl,'u'uu
meadowlark,kullyaattuq
crow,'ehtaay
hawk,meswir
sparrow hawk,mespily
dove,paaloom
chicken hawk,'epkwall
mourning dove,kilyaahwii
duck,paat
egg,'ur
ground owl (1),'uukwis
ground owl (2),kurrkurr
small owl,meswiir
sparrow hawk (2),piikun
mud hen (coot),'eyuw
screech owl,shechaak
mountain quail,hamamull
roadrunner,tellypuu
raven,'ehaaq
oriole,shaahwachhwach
whippoorwill,taawaak
tree,'ily
"grass, hay",'esemay
flower,wetapsh
flower,floorr
poppy,kamkach
live oak & acorns,'esnyaaw
deciduous oak & acorns,kuphaall
black oak & acorns,neshaaw
wheat,trriig
fern,'ehaa chepshaaw
lemonade berry,'ehwaall
scrub oak,'ehwap
branch,aawaall
manzanita,hesill
bamboo,'ehtaa
bark,haaseyall
berry,moorr
lemonade berry (2),hellysich
manzanita berry,kiihull
bitter gourd,hemechaa
"brush, thicket",'iitaay
bud,wetaph
cattail,'epilly
clover,'ehpuuq
sycamore,'ehpuull
greens,hemal
corn,maays
cottonwood,halampuulaamp
elder tree,kupall
elm,'empuu
greasewood,'ephii
ground cover,haayaaw
iceplant,hawii
jimsonweed,tolvaach
lilac,'ipewii
mesquite,'aanall
mescal,'emally
moss,haayaaw
mustard,hemal
nettle,milykaasis
pi√±on pine tree and nuts,'ehwiiw
wild onion,kemeshah
pine tree,'erpuu
plant,chewuw
pine tree with long needles,shemnyaay
bull pine,hellykaay
poison oak,kuupaay
prickly pear,'ehpaa
prickly pear thorn,'ehpaa kurraw
ragweed,hakuhaa
root,pehemaa
white sage,pellytaay
stick,'ily
stinkweed,hechempiill
timber,'iitaay
toadstool,harkhaark
toyon,kuuhik
tule,'epilly
tule (2),'esuq
weed,'ephill
wire grass,kwa'naay
yucca stalk and flower,'aakuull
yucca flower,'aakuull etaph
yucca flower,'emaa
desert,matsay
forest,'iitaay
land,'emat
ravine,kuttap
narrow ravine,kwillp
"cave, hole",llehup
wilderness,'emtaar
valley,'emtaar
mountain,matetay
sky,'emaay
rock,'ewily
star,kwenmesaap
fire,'aaw
smoke,'uuhuy
"sun, daytime",'enyaa
daylight,kuleyuw
desert (2),'emtaar
hard earth,matewir
earthquake (the earth shakes itself),'emat winnp
moon,hellyaa
incline,tekull
meadow,'emill
meteor,chaawp
"hill, mound",'emat kukun
rainbow,sheruk
sand,mes-haraay
red clay,mathwatt
white clay,mathwaay
yellow clay,matekwas
cliff (the land is steep),'emat kumeyay
country,'emat
county,koondaad
edge of a precipice,kupilpil
big hole,kwellhup
small hole,kwelhup
hole through something,chekullk
small hole through something,chekulk
the wind,kuyaayp
"shade, protected spot (e.g. from rain)",kwamshaay
water,'ehaa
God,'Emaay 'Ehaa
ocean,'ehaasilly
cloud,'ekwiiy
rain,'ekwiy
waterfall,'ehaasaall
waves,'ehaach wehuum
snow,aalap
"pond, lake",'ehaa kwariw
"stream, river",'ehaa kwenuw
ice,shemetii
mist,'aawas
spring,'ehaa kuchuullup
hot water,'ehaa kuruw
puddle,'ehaa lluhup
"puddle, small pond",'ehaastik
creek,kuttap
lake,laguun
dam,'ehaa tepitt
hail,chehuur
lightning,shuuluk
flood,chepuurk
ocean swells,'ehaa heraark
thunder,shuullaw
thunder cloud,pallyuukwii
bubble,chuullup
fog,haamaa
whirlpool,'ehaa kutepkwiirp
night,kuhunn
day,kupilly
noon,ta'urp
"late afternoon, evening",tenay
week,semaan
month,hellyaa
year,'aany
morning,maaykally
daytime,'enyaa
Sunday,Duumiing
Monday,Luuns
Tuesday,Maarrt
Wednesday,Myerrkeel
Thursday,Hweev
Friday,Viyeerrn
Saturday,Sabaad
Spring,Chiipam
Summer,'Iipall
Fall,Kupiihaaw
Winter,Hiichur
midnight,hemach nyaatuy
ashes,'empill
automobile,ehuu kumpattk
ball,kumulmul
ball (2),peloot
bed,'aalyak
bed (2),taalyak
bell,kampaan
Bible,'Emaay 'Ehaa Uumall
boat (that which floats),kutuuyaalp
box,kaahon
"buggy, carriage",kalees
car,karreet
"car, machine",m√°akin
playing cards,varrah
charcoal,ketih
circle,tepechuurp
"clock, watch (that which tells the time)",'enyaa kuknaa
clock (2),'enyaa kuknap
coins,kwellyhiiw
cradleboard,'uukwill
doll,telyewaay
dollar,pees
one dollar,'umpees
gold,oorr
gun,'epal
hook,aahelak
iron,taawinn
knot,tepally
"lamp, small light",uutul
large fire or light,uutull
money,dineerr
"money, cash",kwellyhiiw
paint,aawil
paper,papeel
peon game,uumarrp
pipe,'emuukwin
plaster,aawil
horsehair rope,chekoot
silver,kwellyhiiw
sinew,pehemaa
spool,shewuu
stick,'ily
tobacco,'up
torch,'aaw pillpill
torch (2),pallpall wii
toy,suunaly
wagon,karr
wheel,kushuutuurp
splinter,aahwaq
"basket, woven material",epup
soap,haavoon
"acorn granary, hopper",hekwinn
arrow,'epal
"arrowhead, flint",pawiiy
axe,'ach
axe (cutting tool),nyimtuukatt
bake pot,wepap
bow,'aatim
carrying net,hallepuu
fan,aawall
flute,helul
comb,tuuchii
cup,'aasich
dish,plaat
gun,'epal
hook,aahelak
lasso,chekwih
mano stone,hapechaa
metate,'ehpii
bedrock mortar,'ehmuu
large mortar,wetutt
small mortar,kalymuu
needle,pa'yur
"olla, clay pot",'aaskay
paddle,'ehyally
pestle,'ehmuu esally
pestle (2),kalymuu esally
sack,hallepuu
scissors,teheerr
spoon,'ehyally
spoon (2),kuchaarr
spur,'espweel
throwing stick,hempuu
umbrella,sheperuw
whip,aarrap
broom,'ehchii
knife,tepeshaa
knife (2),kuuchii
fork,taneedoorr
toy,suunaly
stove,'estoof
winnowing basket,hataayily
his belt,enyiip
bracelet,esally tehwiill
button,botoon
cloth,trraap
clothes,tehiilly
coat,chaketoon
fringes,sall wii
hat,nyepuull
hat (2),sombrreerr
little hat,nyepuul
wide-brimmed hat,apeyar
headband,sekwiirp
headband (2),tuukwirp
pants,kalsoon
patch,tehepall
pocket,vools
shirt,kamees
shoes,hemenyaaw
skirt,heyuly
vest,chakeet
windbreaker,aakeyuuch
earring,hemaalk
ceremonial feather skirt,nyiphaly
underpants,kalsonsiit
undershirt,kamiseet
adobe bricks,'aadoov
battleground,matiihwaay
bridge,pweent
camp,kaamp
chair,'aanaak
dam,'ehaa tepitt
door,'aapitt
door (2),lapw√©rrt
enclosure,aakeyuuch
fence,seerrk
brush fence,aakeyuuch
graveyard,'epemall
house,'ewaa
lodge,paawam
perimeter,tepechuurp
platform,taapaank
road,'uunyaa
table,'aasuw
table (2),lamees
store,tyeend
bench,baank
town,pweebl
yard,'emtaar
school,skweel
shelter,tekemak
chapel,kapii
his house,nyewaa
church (God's house),Maayehaa nyewaa
their house,nyechewaa
food,'esuw
apple,mansaan
milk,leech
"soup, juice",nyehay
rice,'aarroos
potato,paap
watermelon,'ehaa charur
"sweets, sugar",kumyulk
salt,'esilly
corn,maays
beans,frrihool
"meat, beef",kukwaayp
bitter gourd,hemechaa
bread,'epap
bread (2),meyally
coffee,kafee
coffee (black water),'ehaa kunyilly
egg,'ur
"greens, mustard",hemal
honey,myeel
acorn mush,shawii
peaches,duurraas
oranges,naarraanh
peas,chiicharr
pinole,pinool
sweet peas,milkaasup
whiskey,'awarrdyeent
"head, hair",hellytaa
forehead,ehwall
"face, eyes",eyiiw
nose,ehuu
ear,hemall
"mouth, lip",aa
tongue,enepall
tooth,eyaaw
chin,tekesaa
cheek,hallewaa
neck,iipuk
throat,enyally
beard,alemii
tail,heyull
body,emaat
back,hetat
"arm, hand",esally
right arm/hand,esally eyewiik
left arm/hand,esally kesark
"heart, chest",iichih
"belly, waist",etuu
"leg, foot, toes",emily
right leg/foot,emily eyewiik
left leg/foot,emily kesark
kidneys,chehalyekay
"intestines, guts",pehaa
lungs,chehwaall
bone,aq
fingernail,salyehwuuw
knee,mehetun
elbow,sallyehetun
armpit,salyehwat
backbone,hetat
beak,aa
"beard, facial hair, whiskers",alemii
brains,hellytekemuu
breasts,nyemay
buttocks,ewaay
eyelashes,eyiiw shuunyaa
flesh,ematt
fontanel (soft spot),shemekap
ball of the foot,emily kwalul
"fur, body hair",lemis
little hand,esaly
"hide, skin",ekwally
"hide, leather",kweerr
hoof,emily
lower lip,aa yaak
liver,chepesii
"neck, nape",eyepuk
peg leg,emily kumputtk
boy's penis,hapesily
shin,emily kuhur
shoulder,eyewii
shoulder (2),iiwii
shoulder blade,sallyemak
blood,'ehwatt
snot,hepiilly
open sore,pesill
spine,kutalytaly
spit,chehutt
spleen,hataayily
sweat,wepilly
tattoo,wekwiich
testicles,'ur
thigh,eyewill
thigh (2),iiwill
big toe,emily kepaatay
space between toes,emily kurkaa
umbilical cord,millyepuu
labia,hapelyan
vomit,weyuuq
wing,wirewir
mechiill,wrinkle
esally kwalul,wrist
nostril,ehuu kwellhup
horn,ekwaa
advice,konseeh
"language, word",aa
beginning,'esalyem
muscle cramp,'ekwaas
asthma,meshaakiill
disease,henoch
everything,nyaamat
few,'ehiink
heaven,'emaay
loan,sewil
the rest,marway
spirit,'echillich
spirit (2),temshaa
story,'aaknach
stuff,shawitt
test,temaa
things,'uuchuch
time,'enyaa
tuberculosis,henooch
voice,meyaay
victory yell,chuuparr
war,'iihwaay
things that are hard to do,kullypiiwarp
"that one there, the one that's there",kuwach
"the truth, the real one, the right one",kwa'han
the other one,kwa'hin
"the lone one, single one",kwa'hink
that which happens (events),kweyuch
the ones that are very much,kwachpesiiw
all ,nʸaːmat̪  
ashes ,ʔəmpiɬ 
bark ,xaːsə=yaɬ 
belly ,ə=uː 
big ,ʔiː=kuː 
bird ,ʔaː=ʂaː 
bite ,čuː=kuw 
black ,nʸiɬʸ 
blood ,ʔə=xʷat 
bone ,aq 
breast ,iː=čix 
burn tr. ,aː=ɹaːw #
claw(nail) ,salʸə=xʷuːw 
cloud ,ʔə=kʷiːy 
cold ,xə=čuːɹ 
come,wə=yiw 
die ,mə=lay 
dog,ʔə=xat 
drink ,wə=siː 
dry,saːy 
ear ,xəmaɬ 
earth,ʔə=ma 
eat ,wə=saːw 
egg ,ʔuɹ 
eye ,ə=yiːw 
fire ,ʔaːw 
fly v. ,wə=ma ~ u=ma
foot ,ə=milʸ 
full ,ə=muɹ 
give ,w=inʸ 
good ,ʔə=xa
green ,xə=pə=ʂiw 
hair ,xəɬʸaː 
hand ,ə=saɬʸ 
head ,xəɬʸaː 
hear ,y=ip 
heart ,iː=čix 
horn ,ə=kʷaː 
I ,ʔənʸaː-č 
kill ,aː=muːč 
knee ,mə=xəu ~ xəməu
know ,=uɹ 
leaf ,ʔə=yaɬ #
lie ,yaq 
liver ,čə=pəsiː 
long ,ʔə=quɬ 
louse ,ə=miɬʸ 
man ,ʔiː=kʷi-č 
many ,xəmiːy ~ ʔəxmiːy 
meat ,kukʷaːy-p 
moon ,xəɬʸaː 
mountain ,maə-ay 
mouth ,aː 
name ,čə=xi-č 
neck ,iː=puk ~ ə=yə=puk 
new ,wə=xay 
night ,ku=xun 
nose ,ə=xuː 
not ,u=maːw 
one ,ʔə=xi-k 
person ,ʔiː=pay 
rain ,ʔə=kʷiy 
red ,ʔə=xʷat 
road ,ʔuː=nʸaː 
root ,pə=xəmaː 
round (3D)1,ʔə=lul 
round (2D)2,yaɹə=yaɹ #
sand ,məs=xaɹaːy 
say ,w=iː 
see ,ə=wuːw 
seed ,ə=yač 
sit ,wə=ak 
skin ,ə=kʷaɬʸ 
sleep ,xəmaː 
small ,ʔə=sik 
smoke ,ʔuː=xuy 
stand ,pə=xəkʷiː ~ pə=xkʷiː 
star ,kʷə=məsaːp 
stone ,ʔə=wilʸ 
sun ,ʔə=nʸaː 
swim ,aː=puɬ 
tail ,xə=yuɬ 
that ,puː 
this ,pəyaː 
thou ,maː 
tongue ,ə=ə=paɬ 
tooth ,ə=yaːw 
tree ,ʔilʸ 
two ,xə=wak 
walk (go) ,w=aː 
warm (hot) ,wə=ɹaːw 
water ,ʔə=xaː 
we ,ʔənʸaːwap-č 
what ,ʔuːč 
white ,ə=mə=ʂap 
who ,maːp 
woman ,sinʸ 
yellow ,ʔə=kʷas 
far ,ʔə=kuɹ 
heavy ,wə=ix ~ wə=ax 
near ,xəlʸə=pay 
salt ,ʔə=silʸ 
short ,mə=put-k 
thin ,wə=kʷiːɹ-p 
wind ,yaːy-p 
worm ,iɬ 
year ,ʔaːnʸ 
it is good,'ehan
they are good,'ehaan
it is bad,wellich
they are bad,welliich
he is happy,hechalyp
they are happy,huuchaalyp
it is big,'iikuu
they are big,'ichekwii
it is small,'estik
they are small,'elyemis
it is tasty,menyaay
it is short,meputtk
they are short,mepuuttk
it is one,'ehin
they are two,hewak
they are three,hemuk
it is white,nemeshap
they are white,nemeshaap
it is black,nyilly
they are black,nyiilly
it is red,'ehwatt
it is yellow,'ekwas
it is blue/green,hepeshiw
Food is good.,'Esuw 'ehan
A child is small.,'Elymaam 'estik
This is tasty.,Peyaa menyaay
Children are happy.,'Elymash huuchaalyp
A dog is bad.,'Ehatt wellich
A flower is yellow.,Floorr 'ekwas
A bird is red.,'Aashaa 'ehwatt
Everything is good.,Nyaamat 'ehan
A whale is big.,'Ehpank 'iikuu
Whales are big.,'Ehpank 'ichekwii
Those are small.,Pupch 'elyemis
Women are two.,Siiny hewak
Men are three.,'Iikwiich hemuk
This flower is white.,Floorr peyaach nemeshap
This house is big.,'Ewaa peyaach 'iikuu
That man is short.,'Iikwich puuch meputtk
Those women are short.,Siiny pupch mepuuttk
That whale (that you see right there) is blue.,'Ehpank nyipch hepeshiw
The sky is black.,'Emaaych nyilly
A mountain lion is strong,Nyemetaay sepir
Bighorn sheep are strong,'Emuu setepir
The water is salty,'Ehaa sillyk
This food is salty,'Esuw peyaach sillyk
Clothes are dirty,Tehiilly taketak
His hands are dirty,Esally taketak
His father works,Paataat trravaharr
Elders work,Kwathemii trravaharrch
This hat is new,Nyepuull peyaach wehay
These skirts are new,Heyuly peyapch wehaaych
This box is heavy,Kaahon peyaach wenah
These coins are heavy,Kwellyhwiiw peyapch wenaah
That knife (right there) is sharp,Tepeshaa nyipch werraaw
Those rocks are sharp,'Ewily pupch werraaw
A stove is hot,'Estoof weraaw
The wilderness is hot,'Emtaar weraaw
This meat is spoiled,Kukwaayp peyaach weshah
That there bread is stale,'Epap nyipch weshah
Oranges are rotten,Naarraanh weshah
That man is fat,'Iikwich puuch weshay
These beans are greasy (fat),Frihool peyapch weshaaych
The desert is dry,Matsay saay
Clothes are dry,Tehiilly saych
A coyote is thirsty,Hattepaa saay
Pigeons are thirsty,Karwiitaay saych
He/she sees,Puuch ewuuw
They see,Pupch ewup
A man goes,'Iikwich waa
Men go,'Iikwiich naa
A woman leaves,Siny waam
Women leave,Siiny naam
A child walks,'Elymaam wamp
Children walk,'Elymash ewamp
A bird enters,'Aashaa wehap
Birds enter,'Aashaa nekehap
A man is an old man,'Iikwich rak
An old man sits,Kurak wenak
Old men sit,Kwarchechaak penak
A dog runs,'Ehatt wenuw
All dogs run,'Ehatt nyaamat wenaaw
A medicine man comes,Kuseyaay weyiw
Medicine men come,Kusteyay neyiw
A fish is blue,Hashuupill hepeshiw
A fish swims,Hashuupill aapull
A blue fish swims,Hashuupill kuhepshiw aapull
A mouse is small,'Emekay 'estik
A small mouse comes out,'Emekay kwa'stik chepak
Mice are small,'Emekay 'elyemis
Small mice come out,'Emekay kwa'lyemis netepachk
People are happy,'Iipay huuchalyp
Happy people go out,'Iipay kuhuuchalyp netepachm
A boy goes out,'Elymaam 'iikwich chepam
A cat wakes up/is awake,Gaat hechap
Cats wake up/are awake,Gaat huuchaap
An old woman sleeps,Kunykuuy hemaa
Old women sleep,Kwenychekwii pehemach
Fish swim,Hashuupill achepuull
A deer crosses over,'Ekwak hekay
Cows cross over,Vaak nehekay
A child stands up (from sitting position),'Elymaam hetaat
Children stand up (from sitting),'Elymash pechhetat
A chief arrives,Kway'paay pam
People arrive,'Iipay nekemich
A hunter lies down,Kunyay welyak
Hunters lie down,Kuchnyaay pelyak
A crow flies,'Ehtaay weman
Eagles fly,'Ihpaa pemaan
A cowboy falls,Vakeerr wenall
Old people fall,Kwathemii penall
His father works,Paataat trravaharr
Elders work,Kwathemii trravaharrch
A girl hides,'Elymaam siny tuuyullp
Boys hide,'Elymash 'iikwiich tetuuyuullp
A leader writes,Kuuchutt uumall
Policemen write,Pooliis uchemaall
A baby laughs,Hekwaal uusay
Children laugh,'Elymash uusaayp
A baby cries,Hekwaal wemii
Crybabies cry,Chehiilyiiy wemich
A swimmer dives,Kwaapull wennup
Whales dive,'Ehpank wennuup
A horse sweats,Kavaay wepilly
Workers sweat,Kutrravaharrch wepiilly
A crow jumps,'Ehtaay wettuk
Frogs jump,Hantak wettuuk
A thief runs away,Kushuuhuup yar
Raccoons run away,Nemas peyar
A bobcat comes back,Nyemii puwk
Swallows come back,Mes-hayalya nekewayk
His paternal grandfather gets up,Panepaaw wemann
His paternal grandfather and grandmother get up,Panepaaw panemaaw pemaann
I,'Enyaach
You,Maach
We,'Enyaawapch
You (plural),Menyaawapch
I see (with pronoun),'Enyaach 'ewuuw
You see (with pronoun),Maach mewuuw
We see (with pronoun),'Enyaawapch 'ewup
You guys see (with pronoun),Menyaawapch mewup
I go,'aa
You go,maa
He/she goes,waa
We go,'enaa
You guys go,menaa
They go,naa
I am happy,'ehechalyp
We are happy,'ehuuchaalyp
You are happy,mehechalyp
You guys are happy,mehuuchaalyp
I sleep,'ehemaa
We sleep,'epehemach
You sleep,mehemaa
You guys sleep,mepehemach
We leave,'enaam
You guys leave,menaam
I leave,'aam
You leave,maam
You enter,mehap
He enters,wehap
I enter,'ehap
You guys enter,menekehap
We enter,'enekehap
"He/She/It breathes, They breathe",yaas
"I breathe, we breathe",'eyaas
You breathe,meyaas
Me,'Enyaa
You (object in sentence),Maa
Him/her,Puu
Us,'Enyaawap
You (plural object),Menyaawap
Them,Pup
I see a bird,'Aashaa 'ewuuw
A bird is blue,'Aashaach hepeshiw
A bird sits on a tree,'Aashaach 'ily wenak
A blue bird leaves,'Aashaa kuhepshiwch waam
I see a tree,'Ily 'ewuuw
You see the tree,'Ilyvu mewuuw
The tree is big,'Ilyvech 'iikuu
The tree has apples,'Ilyvech mansaan tenarr
I'm hungry,'Enyiiwar
You too are hungry,Maach nyemach menyiiwar
I want apples,Mansaan 'ar
You want shawii (acorn mush),Shawii mar
We want food,'Esuw 'ewaarp
The tree wants water,'Ilyvech 'ehaa war
I look for apples,Mansaan 'ehemay
You look for deciduous oak acorns,Kuphaall mehemay
I find a tree,'Ily 'ehemay
You find a deciduous oak tree,Kuphaall mehemay
You gather acorns,memull
You gather deciduous oak acorns,Kuphaall memull
Our friend also gathers deciduous oak acorns,'Unyeway nyemach kuphaall wemull
You guys gather deciduous oak acorns,Kuphaall memuull
Our friend is also hungry,'Unyewayvech nyemach nyiiwar
You guys are hungry,Menyaawapch menyechewaar
We are hungry,'Enyaawapch 'enyechewaar
You guys want food,'Esuw mewaarp
We want food,'Esuw 'ewaarp
The people want food,'Iipayvech 'esuw ewaarp
I climb a tree,'Ily 'ekull
Your friend climbs a tree,Munyeway 'ily wekull
I pick apples,Mansaan 'eyaaw
My friend picks apples,'Unyewaych mansaan weyaaw
I wash the apples,Mansaanvu 'allehwas
"Our friend washes them, too",'Unyewaych nyemach allehwas
You guys wash the deciduous oak acorns,Kuphaallvu mallchehwaas
We wash the apples,Mansaanvu 'allchehwaas
My friend cuts the apples,'Unyewaych mansaanvu aakatt
We cut the apples,Mansaanvu 'achekaatt
You pound the deciduous oak acorns,Kuphaallvu metutt
A child pounds acorns,'Elymaamch wetutt
You guys pound acorns,metuutt
Everyone grinds acorns,Nyaamatch wetuutt
An old lady makes shawii,Kunykuuych shawii wechuw
You make shawii,Shawii mechuw
The old women make shawii,Kwenychekwiivech shawii wechaawch
We prepare the apples,Mansaanvu 'echaawch
Old men see the apples,Kwarchechaakch mansaanvu ewup
They want the apples,Mansaanvu ewaarp
We want the shawii,Shawiivu 'ewaarp
The old men eat the apples,Kwarchechaakvech mansaanvu wesuw
We eat the meat,Kukwaaypvu 'esuw
The old women eat the shawii,Kwenychekwiivech shawiivu wemach
I eat an apple (a hard thing),Mansaan 'esaaw
My friend eats an apple,'Unyewayvech mansaan wesaaw
You eat shawii (a soft thing),Shawii memaa
Your friend also eats the shawii,Munyewayvech nyemach shawiivu wemaa
The shawii tastes good,Shawiivech menyaay
You guys eat the tasty shawii,Shawii kumenyaayvu memach
"The old men eat the shawii, too",Kwarchechaakvech shawiivu nyemach wemach
The old women eat the tasty apples,Kwenychekwiivech mansaan kumenyaayvu wesuw
You eat the apples as well,Mansaanvu nyemach mesaaw
The apple is bad,Mansaanvech wellich
You are sad (lit. your heart is bad),Meyay wellich
Women talk,Siinych uchewayp
They speak Kumeyaay,'Iipay Aa uchewayp
You speak Kumeyaay,'Iipay Aa maayp
He speaks English (white man's language),Mellychish Aa waayp
We speak English,Mellychish Aa 'uchewayp
I hear the old women,Kwenychekwiivu 'eyip
The dog hears a bird,'Ehattvech 'aashaa yip
The girls hear the dog,'Elymash siinyvech 'ehattvu yewip
The boys hear the girls,'Elymash 'iikwiichvech 'elymash siinyvu yewip
We have the shawii,Shawiivu 'etetnaarrch
You have apples,Mansaan metenarr
The medicine men have the food,Kusteyayvech 'esuwvu tetnaarrch
The man owns a horse,'Iikwichvech 'ehatt nyewich
The woman owns a house,Sinyvech 'ewaa nyewich
You guys own a school,Skweel menyechewiich
We own books,Uumall 'enyechewiich
The children own a cat,'Elymashvech gaat nyechewiich
I own a rabbit,'Ephar 'enyewich
You own a car (car = stub nose),'Ehuu kumpattk menyewich
The hunter takes out an arrow,Kunyayvech 'epal achepach
My father took a snake out of the house,'Etaatch 'ewii 'ewaavek achepach
We take out the old man,Kurakvu 'achepaach
They took money out of a bag,Kwellyhwiiw voolsk achepaach
The baby drank all the milk,Hekwaalvech leechvu chap
You ate all my food,'Enyesuw mechap
Deer completely ate up the grass,'Ekwak 'esemayvu chechaap
We consumed the whole pig,Kaachvu 'echechaap
"There, I knocked on the door",Puy 'echetoo
They knocked on the door of your house,Menyewaavu chechetoch
He beat the table (with his fist),'Aasuwvu chetoo
He touched the dog's face,'Ehatt eyiiwvu henyaa
She rubbed his back,Hetatvu henyaa
We touched the rabbit's fur,Hellyaa lemisvu 'ehetenyaach
You all touched the horns,Ekwaavu mehetenyaach
The child grabbed my hand,'Elymaamvech 'esally hetuu
The cowboy grabbed horsehair rope,Vakeervech hellytay hetuu
He's waiting for his mother,Paataly peshuw
You take care of my paternal grandmother,'Enemaaw mepeshuw
We take care of each other,Mat 'epecheshuw
They wait for a train (lit. running house),'Ewaa kwenuw pecheshuw
I closed the box,Kaahonvu 'eshuupitt
Somebody shut a door,Nya'kwarch 'aapitt shuupitt
The old women closed their store,Kwenychekwiivech nyetyeendvu shetepiitt
You all closed the door,'Aapittvu meshetepiitt
He/they opened the door (by hand),Lapw√©rrtvu shuuttaq
I/we opened a purse,Voolsiit 'eshuuttaq
He writes a book,Uumall uumall
I write your name,Menyechehich 'uumall
We write our names,'Enyechehich 'uchemaall
You write the name,Chehichvu muchemaall
He opened the red tent,Kaarrp kwa'hwattvu uuttaq
We opened the big tent,Kaarrp kway'kuuvu 'uchettaaq
I opened that can there,Haarr nyip 'uuttaq
They opened the heavy door,'Aapitt kunahvu uchettaaq
My mother and father got off the train,'Etaly 'etaatch 'ewaa kwenuwvu nechan
His son got down from the horse,Pahuumaaych 'ehattvu wechan
The hungry mountain lion went down the mountain,Nyemetaay kunyiiwarvech matetayvu wechan
That day we climbed a mountain,Kupilly puu matetay 'enekull
The bighorn sheep went up a cliff,'Emuuvech 'emat kumeyay nekull
My wife cooked chicken (by boiling),'Esinych gayeen wellyully
Yesterday I cooked fish,Tenaay hashuupill 'ellyully
His mother and his (maternal) grandmother cooked potatoes,Paataly panekalych paap wellyuully
You cooked all the vegetables,Hemal nyaamatvu mellyuully
Sometimes I like salads,Nya'war hemal 'emirr
He always likes sweets,Nyimvey kumyulk wemirr
They love each other,Mat uumiirrp
Everyone likes tortillas,Nyaamatch meyally uumiirrp
The hunters hunt alligators,Kuchnyaayvech kechaahwaall wenyaaych
This year (lit. now year) we hunted deer,Pily 'aany 'ekwak 'enyaaych
A hawk hunted for a rabbit,Meswirch 'ephar wenyay
My maternal grandfather used to hunt,'Enekwaawch wenyay
Your maternal grandmother always drinks coffee (black water),Menekalych 'ehaa kunyilly nyimvey wesii
Sometimes I drink milk,Nya'war leech 'esii
We drank bad water,'Ehaa kullich 'esich
Her children drink juice,Hetekwaanych nyehay wesich
My older brother got a car,'Echamalych 'ehuu kumpattk weyuuw
We got wood,'Ily 'eyaawch
You got rotten live oak acorns,'Esnyaaw kushah meyuuw
They took the book out of the bag,Uumallvu voolsvek weyaawch
I'm going to go (away),'Enyaach 'aamh
We're going to go (away),'Enyaawapch 'enaamh
Goodbye. (I'm going),Nya'aamh
Goodbye. (We're going),Nya'naamh
He will go,waah
I will go,'aah
You will go,menaah
He will leave,waamh
I will come out,'echepakh
You will go out,mechepamh
They will go out of the house,'Ewaavu netepachmh
They will come out of the school,Skweel netepachkh
He does it,ewii
I will do it,'ewiih
We will make shawii,Shawii 'echaawchh
Let's make shawii!,Shawii 'echaawchh!
This will taste good,Peyaach menyaayh
You will make food,'Esuw mechuwh
We will walk to there,Puum 'ewamph
I will walk to the house,'Ewaavem 'amph
We will see a pond,'Ehaa kwariw 'ewuph
He will climb that mountain,Matetay nyip wekullh
No,Umaaw
Yes,E-en
He didn't do it,Ewiih umaaw
I didn't do it,'Ewiih 'emaaw
You didn't do it,Mewiih memaaw
The leader is not tall,Kuuchuttvech 'emaayh umaaw
The elder does not want food,Kuhmiivech 'esuw warh umaaw
This guy doesn't read,'Iipach peyaach leer umaaw
Now it is not cold,Pily hechuurh umaaw
You don't help,Mayuudarrh memaaw
I don't have money,Kwellyhwiiw 'etenarrh 'emaaw
They have all the money,Kwellyhwiiw nyaamatvu tetnaarrch
Today (now day) it is cold,Pily kupilly hechuur
Tomorrow it will not be cold,Metenyaally hechuurh umaawh
Tomorrow it will be hot,Metenyaally weraawh
Today it is not hot,Pily kupilly weraawh umaaw
This store is really good,Tyeend peyaach 'ehanches
The store is very big,Tyeend 'iikuuch apesiiw
This food is very good,'Esuw peyaach 'ehanch apesiiw
Quail is very tasty,'Aahmaach menyaaych apesiiw
The child is not tired,'Elymaamvech metaawarh umaaw
The old man is very tired,Kurakvech metaawarch apesiiw
I am not very tired,'Emetaawarch 'apesiiwh 'emaaw
You will not be very tired,Memetaawarch mapesiiwh memaawh
We are not tired,'Emetechewaarh 'emaaw
The others are very tired,Marwayvech metechewaarch achpesiiw
They are very hungry,Nyechewaarch achpesiiw
You guys look hungry,Menyechewaar meperewii
They look tired,Metechewaar perchewii
You look dead,Memelay meperewii
The tree didn't grow very much,'Ilyvech hemiich apesiiwh umaaw
Tomorrow it will rain a lot,Metenyaally 'ekwiych apesiiwh
I don't own a car,Ehuu kumpattk 'enyewichh 'emaaw
We don't own a dog,'Ehatt 'enyechewiichh 'emaaw
She didn't grind the live oak acorns,'Esnyaawvu wetutth umaaw
The live oak acorns won't taste good,'Esnyaawvech menyaayh umaawh
hello,haawka
what is it?,'uuchechu?
who is it?,maapchu?
huh?,matta?
who is this?,peyaa maapchu?
this is Bianca.,peyaa Byaank.
Bye. (I'm going),nya'aamh
Bye. (Go on ahead),nyamaamh keyima
yes,'e-en
no,umaaw
thank you,'uuhayi'
Wow!,li'!
Hey!,lak!
ok,hoo
please (I ask),'etiikay
yes (common outside Mesa Grande),haa
"person, Indian",'iipay
man,'iikwich
woman,siny
child,'elymaam
girl,'elymaam siny
boy,'elymaam 'iikwich
house,'ewaa
dog,'ehatt
water,'ehaa
food,'esuw
flower,wetapsh
bird,'aashaa
coyote,hattepaa
Kumeyaay (the people's language),'Iipay Aa
good,'ehan
big,'iikuu
happy,hechalyp
small,'estik
red,'ehwatt
blue/green,hepeshiw
yellow,'ekwas
the bird is red,'aashaa 'ehwatt
the food is good,'esuw 'ehan
the water is blue,'ehaa hepeshiw
the child is small,'elymaam 'estik
the house is big,'ewaa 'iikuu
the woman is happy,siny hechalyp
the flower is yellow,wetapsh 'ekwas
Kumeyaay is good,'Iipay Aa 'ehan
he/she walks,wamp
I walk,'amp
you walk,mamp
he/she flies,weman
I fly,'eman
you fly,meman
he/she eats,wesaaw
I eat,'esaaw
you eat,mesaaw
he/she talks,waayp
I talk,'aayp
you talk,maayp
he/she sees,ewuuw
I see,'ewuuw
you see,mewuuw
the girl walks,'elymaam siny wamp
the bird flies,'aashaa weman
the person talks,'iipay waayp
the dog eats,'ehatt wesaaw
a woman eats food,sinych 'esuw wesaaw
I eat food,'esuw 'esaaw
you eat food,'esuw mesaaw
a bird sees a flower,'aashaach wetapsh ewuuw
I see a house,'ewaa 'ewuuw
you see the sky,'emaay mewuuw
a dog sees a bird,'ehattch 'aashaa ewuuw
a bird sees a dog,'aashaach 'ehatt ewuuw
a dog eats a bird,'ehattch 'aashaa wesaaw
How are you? (If the person is sitting),Memeyuu temewaa?
I am doing well! (If you are sitting),'Aahan ta'waa
How are you all? (Any position),Memeyuu temenyeway?
We are well!,'Aahan ta'nyeway
What is your name?,'Ich wiich mechuuhii?
My name is Juan.,Hwaan wii nyechuuhii
What is his/her name?,'Ich wiich chuuhii?
She's named Maria.,Maria wii chuuhii.
"Bye, we're going.",Nya'naamh
"Bye, you all can go.",Keyima kenaam
Good morning! (Lit. What a nice day!),'Enyaa kwa'han!
How are you?  (If person is standing),Memeyuu temeyuuw?
I am good!  (If you are standing),'Aahan ta'yuuw!
How are you?  (If person is lying down),Memeyuu temeyaq?
I am well!  (If you are lying down),'Aahan ta'yaq!
Not again!,'Echaych!
Behave yourself!,Aawinn ki'!
Let's go!,'Enaah!
Let's speak Kumeyaay!,'Iipay Aa 'uchewayph!
I'm glad (lit. my heart is good),'Eyay 'ehan
What are you doing?,'Uuch mema'wii?
There's nothing. It's nothing.,'Uy wii
You'd better go.,Keyim kaam
I'm going to leave.,'Aamh
We're going to leave.,'Enaamh
his mouth,aa
"earth, land, soil",'emat
"his body, flesh",emaat
pot,'aaskay
knife,tepeshaa
fire,'aaw
the sun,'enyaa
the moon,hellyaa
salt,'esily
ocean,'ehaasilly
rock,'ewily
white man,millychish
crow,'ehtaay
turkey vulture,sha'ii
road,'uunyaa
long,'equll
A road is long,'Uunyaa 'equll
The land is good.,'Emat 'ehan
The Good Land,'Emat kwa'han
The crow closed its beak.,'Ehtaaych aa shuupitt
Shut your mouth!,Maa keshuupitt!
I closed my mouth.,'Aa 'eshuupitt
I lit a fire,'Aaw 'uutull
A turkey vulture ate his flesh,Sha'iich emaat wesaaw
The moon rises (lit. comes out),Hellyaach chepak
The sun sets (lit. goes in),'Enyaach wehap
A pot is hot,'Aaskay weraaw
A turkey vulture flies in a circle,Sha'ii aasewaay
The ocean is cold.,'Ehaasilly hechuur
The water is salty.,'Ehaa sillyk
A knife is sharp,Tepeshaa werraaw
"['to take off, away from']",acapac 
['to go'],a- 
['to pour solids'],a*taq 
[to boil],capalu-yk 
['must be'],‚Äúkax 
"['white oak, white oak acorn']",kupxa*l 
['the bitterness'],kWa? axkwaq 
[the … one],kw - 
['some'],marway 
"['mountain', 'ground, earth']",matatay 
['big'],atay
"['how much, why']",mu^yum 
['to go'],na* plural stem of a* 
['to come back'],nakamic plural stem of pu*wk 
"['to be all over, all gone, complete']",naso*m 
['to come away'],nayi*wk plural stem of -yi-wk 
['when'],nya~ 
['then'],nya*pum 
"[to be done, cooked]",paly ama* 
['that'],pu* 
['right there'],pu*i*^ 
"['to come back, return']",pu*wk 
['there'],puy 
['indeed'],‚ÄúS 
['to be dry'],sa*y 
['week'],S9ma*n 
['to make acorn mush'],sewi* 1. 
[to stir],sa-wal 
['to be around'],t-am 
['to put down round things'],tap 
['several to be there'],tsn^away 
"['to take out, off (round object)']",tatapac 
[cloth],tra-p 
['to crack acorns'],tu*pa* 
['to bring away several'],u*tayi*wk 
[specifically],vu
['he...(him)'],w- 
['acorn hopper'],xakwi*n 
['to be three'],xamuk 
['long ago'],xaya*y 
"['to make (it) good, to do (something) well']",yu*xan 
['to eat soft things'],-ma ‚Ä¢ 
"['to spread out to dry, to spread outside']",-man^ 
['to gather acorns'],~mul 
['to be hot'],-ra¬´w 
['to leach'],say
['to pound'],tut
"['to make, to do']",-wi¬ª 
['to come away'],-yi¬ªwk 
"['olla, cooking pot']",‚Äôa^skay 
['to remember'],?i*ca* 
['I think so!'],‚Äôi^cacvu 
['summer'],?i*pal 
"['person, Indian']",?i*pay 
['or'],‚Äôu* 
['leaching basket'],?9nypu*n 
['to be little'],‚Äô sstik 
['house'],?awa¬´ 
['to be bitter'],?9xkwaq 
"['ground owl, clan name']",kurkur 
['horned owl'],‚Äôu‚Äôu* 
['wing'],wirewir ~ wirswi*r 
['mushroom'],xarkxa*rk 
['cricket'],xulksxulk 
['cottonwood tree'],X9lampu*la*mp 
['daughter (man speaking)'],paca*y 
['tobacco'],?up 
['four'],capap 
['throw a round object away I'],katopm 
"['chin, jaw']",takasa* 
['land'],f amat 
['my belly'],‚Äô atu* 
['my father'],*?ata*t 
['coyote'],xatgpa* 
"['dog, domestic animal']",?gxat 
['ant'],cami=y 
['liver'],cspasi* 
['he got off'],a*canp 
['north'],katu*i 
['big'],^i^ku* 
['deer'],‚Äô9kwak 
['proud'],si-yukp 
"['the big one, chief']",kway‚Äôku ‚Ä¢ 
['horn'],akwa * 
['child'],xakwan^ 
['I hug'],‚Äú?a*S8qup 
['long'],‚Äô aqui 
['bone'],aq 
[' to wind'],tapakwir 
['to be whirling'],tapakwi ¬ªrp 
"['to be bent, crooked']",talawik 
['to be crooked (large)'],talawikp 
"['to be twisted, out of shape']",tarakukp 
"['to be crooked, not straight']",talakukp 
['to hook'],taxalak 
['to sink in'],taxalumk 
['to wake someone up'],taxa¬ªcap 
['to be tangled up'],taxamakwi¬ªlp 
['to wrap a ball'],taxamakwan 
"['to point (with finger), to take aim']",u*caxur 
['to take away from someone'],u*caxwi*t 
"['to take several things', 'to take']",u*ta*m 
"['to bring several things', 'to bring']",u*tayiw 
"['to cover something', ' (cf. su¬ªpit ']",u*tapit 
['to pinch'],xalakwin 
['to be smooth'],xalaqay 
['to be straight'],xalatuk 
['to be near'],xaly apay 
['to squeeze out of shape'],xalaxam 
"['to be a coward', 'to be afraid']",maxaya¬ªyp 
"[' to be closed', 'to close']",su*pitp 
"[' to be sheltered', 'to shelter']",takamakp 
"['to stab', 'to stab, prick']",
['to be swollen* (cf. xara*r '],x ara‚Ä¢rk ‚Ä¢ ‚Ä¢ 
['to be dressed1 (cf. texi*! '],taxi *!p 
['clothes'],taxi.*! 
['to tell a story'],kana*p 
[' to tell'],akana* 
['to tell someone'],ukana* 
[' to be there'],pa¬ª 
['to get there'],pam 
['to go out'],capam 
['to come out'],capak 
"['to be off, out, away']",acapac 
[' to bring in'],akaxap 
[' to catch up with'],a¬ªku*xap 
['to bring in small objects'],cakaxap 
['to bring in a small round object'],takaxap 
['to wake oneself up'],xacap 
['to wake someone up'],taxa*cap 